<application>
  <component name="FileTypeManager" version="18">
    <extensionMap>
      <mapping pattern="confirmationVisit" type="PLAIN_TEXT" />
      <mapping pattern="Toast.tsx" type="PLAIN_TEXT" />
      <mapping pattern=".eslintcache" type="PLAIN_TEXT" />
      <mapping pattern=".env" type="PLAIN_TEXT" />
      <mapping pattern="500-Mobile.json" type="PLAIN_TEXT" />
      <mapping pattern=".env.local" type="PLAIN_TEXT" />
      <mapping pattern="rabbit" type="TypeScript" />
    </extensionMap>
  </component>
</application>