<application>
  <component name="GraziConfig">
    <option name="enabledLanguages">
      <set>
        <option value="English (US)" />
        <option value="Russian" />
      </set>
    </option>
    <option name="suppressingContext">
      <SuppressingContext>
        <option name="suppressed">
          <set>
            <option value="все измененные или новые файлы, а это значит, что если в твоей рабочей директории в какой-то момент времени находятся посторонние файлы (рано или поздно они там появятся), то однажды они без лишних слов улетят в твой коммит, а этого" />
          </set>
        </option>
      </SuppressingContext>
    </option>
  </component>
</application>